{
    "system": {
        "streamDirectories": ["fonts","testset","output\\gamma","output\\slot1","output\\slot2","output\\slot3","output\\slot4","result\\predicted_xmls","logs","repository\\gallery","plugins"],
        "thumbnailsRootDirectory": "temp",
        "imageSampleFile": "file_blank_style.png",
        "imageSampleIcon": "icon_blank_style.png",
        "imageSampleName": "Unknown",
        "labelsChecklist": "labels.txt",
        "loading": "images/sprite_rotate/",
        "loading_style": "text2",
        "lbOperationTips_font_size": "14px",
        "test_merged_image": false,
        "icon": "images/entry_icon.png",
        "resize": {
            "width": 1224,
            "height": 768
        },
        "Options": {
            "defaultLanguage": 1,
            "Languages": ["English", "简体中文"]
        },
        "tagsPriority": {
            "MB": {
                "Scrap": "B1,B2,B7,B8,B4,C1,C7,C8,C4,D1,S1,S2,D7,D4,D8,D6,D3,R1,R4,R3",
                "Repairable": "D7,D4,D8,D6,D3,B3,C7,C8,C6,C5,C3,R7,R8,P4,P3,S7,S4,S3,L1"
            },
            "Others": {
                "Scrap": "B1,B2,B7,B8,B4,C1,C7,C8,C4,D1,S1,S2,D7,D4,D8,D6,D3,R1,R4,R3",
                "Repairable": "D7,D4,D8,D6,D3,B3,C7,C8,C6,C5,C3,R7,R8,P4,P3,S7,S4,S3,L1"
            },
            "LCD": {
                "Scrap": "DB1,DR1,DL6,DL5,DL4,DL1,DM7,DM9,DM1,DM2,DM3,DB2,DR2",
                "Repairable": "DB2,DR2,DS1,DS2,MD1,MD2,MD3,DL3,DL2,DM8,DM6,DM5,DM4,L1"
            }
        },
        "checkPracticals": {
            "defaultBounds": "DS1:40_40,Sample2:40_40",
            "customBounds": "DS1:75_75,Sample2:75_75",
            "graphicCompressionRatio": "0.2",
            "cidPriority": "0",
            "cidPriorityRoles": "DS1,Sample2"
        },
        "serverInterfaces": {
            "defaultVersion": "development",
            "development": {
                "hostAddress": "http://10.5.12.218:5000",
                "predictAddress": "/predict_v3",
                "overwriteAddress": "/overWriteXML",
                "statusReportAddress": "/reportRealStatus"
            },
            "production": {
                "hostAddress": "http://10.87.31.183",
                "predictAddress": "/predict_v3",
                "overwriteAddress": "/overWriteXML",
                "statusReportAddress": "/reportRealStatus"
            }
        },
        "mtkServerInterfaces": {
            "defaultVersion": "SendCIDInfoTwo",
            "SendCIDInfo": {
                "hostAddress": "http://rmaservice.mic.com.tw",
                "uploadAddress": "/HUBsvr/CIDSvr.asmx/SendCIDInfo?op=SendCIDInfo",
                "parameters": {
                    "serviceLineID": "",
                    "cidCode": "",
                    "sn": "",
                    "type": "",
                    "imgData": "",
                    "picCount": ""
                }
            },
            "SendCIDInfoTwo": {
                "hostAddress": "http://rmaservice.mic.com.tw",
                "uploadAddress": "/HUBsvr/CIDSvr.asmx/SendCIDInfo?op=SendCIDInfoTwo",
                "parameters": {
                    "serviceLineID": "",
                    "cidCode": "",
                    "otherCIDCode": "",
                    "sn": "",
                    "type": "",
                    "imgData": "",
                    "picCount": "",
                    "inputType": "",
                    "createUser": "anonymous"
                }
            }
        }
    },
    "0": {
        "app": "Marking Tool",
        "version": "v2.0.1",
        ":background-color": "#ffa82b",
        ":color":"#ffa82b",
        "toolBar:background-color": "#1f4662",
        "toolBar:color": "#00a82b",
        "statusBar:background-color": "#1f4662",
        "statusBar:color": "#ffffff",
        "loading_text": "loading",
        "tip_list": [
            "<p>Please check the part to see if any of the following symptom is <span style=\"color: #ff00ff;\">NOT captured</span> by the scanner:</p>",
            "1. Scratch/Nick/Abrasion/Dirt(DS1)",
            "2. Dot line(DL4)",
            "3. Mura/Bright(White) Spot/Dark Spot(DM series)",
            "<p>If So,click [Re-acquire] button to remove current scanned image, select [Data/Camera] and retake image.</p>",
            "---"
        ],
        "exit_messagebox": {
            "window_title": "Message",
            "prompt_text": "Are you sure to quit?",
            "yes_role": "Yes",
            "no_role": "No"
        },
        "layout": {
            "left": {
                "toggle": {
                    ":icon": "images/left_layout.png",
                    ":toolTip": "Show left space",
                    ":statusTip": "View or modify label properties"
                },
                ":background-color": "#1f4662",
                ":color": "#00a82b",
                "sample": {
                    "imageSampleName": "Unknown"
                },
                "panel": {
                    "pbMergeConfig_text": "Predict again"
                }
            },
            "up": {
                "toggle": {
                    ":icon": "images/up_layout.png",
                    ":toolTip": "",
                    ":statusTip": ""
                },
                ":background-color": "#1f4662",
                ":color": "#00a82b"
            },
            "down": {
                "toggle": {
                    ":icon": "images/down_layout.png",
                    ":toolTip": "Show bottom space",
                    ":statusTip": "Get and preprocess images or send data"
                },
                ":background-color": "#1f4662",
                ":color": "#00a82b",
                "panel": {
                    "pbNewActivity_text": "New Activity",
                    "pbAcquireImages_text": "Acquire",
                    "pbReacquireImages_text": "Reacquire",
                    "pbSendImages_text": "Send"
                }
            },
            "right": {
                "toggle": {
                    ":icon": "images/right_layout.png",
                    ":toolTip": "Show space on the right",
                    ":statusTip": "Testing equipment or adjusting parameters"
                },
                ":background-color": "#1f4662",
                ":color": "#00a82b",
                "panel": {
                    "tabWidget_text_items": ["Data", "Camera", "Scanner", "Options"],
                    "options": {
                        "lwLanguageGroupBox_title": "Specified language",
                        "pbAsDefaultLanguage_text": "As Default Language",
                        "values": {
                            "lwLanguages_items": ["English", "Simplified Chinese"]
                        },
                        "values_active": {
                            "lwLanguages_items_index": 0
                        }
                    },
                    "data": {
                        "leServiceLineIdLabel_text": "ServiceLineId",
                        "leCidCodeLabel_text": "CidCode",
                        "leSNLabel_text": "S/N",
                        "leTypeLabel_text": "Type",
                        "leImageDataLabel_text": "ImageData",
                        "lePictureCountLabel_text": "PictureCount",
                        "pbDeviceGroupBox_title": "Specified device",
                        "pbOutputGroupBox_title": "Specified output",
                        "teAllCidsTagsGroupBox_title": "All Cids Tags",
                        "pbAllSpecialOperationsGroupBox_title": "All Special Operations",
                        "pbClearCurrentChannel_text": "Clear Current Channel",
                        "pbClearAllChannels_text": "Clear All Channels"
                    },
                    "camera": {
                        "gbFunctionalDependence_title": "Functional Dependence",
                        "pbDeviceLayoutCheck_text": "Check Device Layout",
                        "pbDeviceLayoutReset_text": "Reset Device Layout",
                        "gbImageBackup_title": "Image Backup",
                        "gbFunctionDebugging_title": "Function Debugging",
                        "pbExportAll_text": "Export All",
                        "pbOpenFolder_text": "Open Folder",
                        "pbSlideToUnlock_text": "Slide To Unlock",
                        "pbTurnOnCamera_text": "Turn On Camera",
                        "pbPreview_text": "Preview",
                        "pbPhotograph_text": "Photograph"
                    },
                    "scanner": {
                        "lwAvailableScanDriversGroupBox_title": "Available Scan Drivers",
                        "lwCommonResolutionsGroupBox_title": "Common Resolutions",
                        "lwImageIntentsGroupBox_title": "Image Intents",
                        "leGammaLabel_text": "Gamma",
                        "leGammaGroupBox_title": "Adjust the gamma",
                        "cbAutomaticallyAdjustGamma_text": "Automatically adjust gamma",
                        "twAvailableMotherboardsGroupBox_title": "Available Motherboards",
                        "pbRetrieveDriver_text": "Retrieve Driver",
                        "pbAsDefaultMotherboard_text": "As Default Motherboard",
                        "values": {
                            "lwCommonResolutions_items": ["90 dpi","240 dpi","300 dpi","600 dpi"],
                            "lwImageIntents_items": ["0 BW","1 GRAY","2 RGB","3 PALETTE","4 CMY"],
                            "Templates": [
                                {
                                    "Spec": "2.5 inch hard drive",
                                    "DPI": "300",
                                    "Crop": "0,0,2.9,4.1"
                                },
                                {
                                    "Spec": "3.5 inch hard drive",
                                    "DPI": "300",
                                    "Crop": "0,0,4,6"
                                },
                                {
                                    "Spec": "Removable battery",
                                    "DPI": "300",
                                    "Crop": "0,0,8.5,2.5"
                                },
                                {
                                    "Spec": "Laptop hard drive",
                                    "DPI": "300",
                                    "Crop": "0,0,12,6.5"
                                },
                                {
                                    "Spec": "Notebook motherboard",
                                    "DPI": "300",
                                    "Crop": "0,0,12,6.5"
                                },
                                {
                                    "Spec": "NGFF SSD",
                                    "DPI": "600",
                                    "Crop": "0,0,3.8,1.1"
                                },
                                {
                                    "Spec": "WIFI card",
                                    "DPI": "600",
                                    "Crop": "0,0,1.3,1.3"
                                },
                                {
                                    "Spec": "15 inch LCD and below",
                                    "DPI": "300",
                                    "Crop": "0,0,9.5,15"
                                },
                                {
                                    "Spec": "13 inch LCD",
                                    "DPI": "300",
                                    "Crop": "0,0,8,14"
                                },
                                {
                                    "Spec": "Notebook drive",
                                    "DPI": "300",
                                    "Crop": "0,0,5.6,6"
                                }
                            ]
                        },
                        "values_active": {
                            "lwAvailableScanDrivers_items_index": 0,
                            "lwCommonResolutions_items_index": 2,
                            "lwImageIntents_items_index": 2,
                            "leGamma_text": 2.5,
                            "cbAutomaticallyAdjustGamma_checked": true,
                            "twAvailableMotherboards_row": 8
                        }
                    }
                }
            },
            "popup": {
                "partProperties": {
                    "partProperties_windowTitle": "partProperties",
                    "partTipsLabel_text": "Operation tips--&gt;<b style=\"color: #4dd0e1; font-size: 22px\">123456</b>，abcdef",
                    "partServiceLineIdLabel_text": "ServiceLineId",
                    "partSNLabel_text": "S/N",
                    "partGetImagesPushButton_text": "Shooting Barcode",
                    "partResetPushButton_text": "Reacquire",
                    "partSamplePushButton_text": "Sample",
                    "partEmptyPushButton_text": "Empty"
                },
                "tagAttributes": {
                    "tagAttributes_windowTitle": "tagAttributes",
                    "tagPoseLabel_text": "Pose",
                    "tagTruncatedLabel_text": "Truncated",
                    "tagDifficultLabel_text": "Difficult",
                    "tagNameLabel_text": "Name",
                    "tagBndbox_xminLabel_text": "Bndbox_xmin",
                    "tagBndbox_yminLabel_text": "Bndbox_ymin",
                    "tagBndbox_xmaxLabel_text": "Bndbox_xmax",
                    "tagBndbox_ymaxLabel_text": "Bndbox_ymax",
                    "tagOKPushButton_text": "OK",
                    "tagCancelPushButton_text": "Cancel"
                }
            }
        }
    },
    "1": {
        "app": "CID 客户端",
        "version": "v2.0.1",
        ":background-color":"#ffa82b",
        ":color":"#ffa82b",
        "toolBar:background-color":"#1f4662",
        "toolBar:color":"#00a82b",
        "statusBar:background-color":"#1f4662",
        "statusBar:color":"#ffffff",
        "loading_text": "加载",
        "tip_list": [
            "<p>请检查部件，以查看扫描仪是否 <span style=\"color: #ff00ff;\">未捕获</span> 以下症状：</p>",
            "1. 刮擦/尼克/磨损/污垢(DS1)",
            "2. 点线(DL4)",
            "3. Mura/Bright(White) Spot/Dark Spot(DM series)",
            "<p>如果是，请单击 [重新获取] 按钮以删除当前扫描的图像，选择 [数据/Camera] 并重新拍摄图像。</p>",
            "---"
        ],
        "exit_messagebox": {
            "window_title": "消息",
            "prompt_text": "确定要退出吗?",
            "yes_role": "是",
            "no_role": "否"
        },
        "layout": {
            "left": {
                "toggle": {
                    ":icon": "images/left_layout.png",
                    ":toolTip": "显示左侧空格",
                    ":statusTip": "查看或修改标签属性"
                },
                ":background-color": "#1f4662",
                ":color": "#00a82b",
                "sample": {
                    "imageSampleName": "未知"
                },
                "panel": {
                    "pbMergeConfig_text": "再次预测"
                }
            },
            "up": {
                "toggle": {
                    ":icon": "images/up_layout.png",
                    ":toolTip": "",
                    ":statusTip": ""
                },
                ":background-color": "#1f4662",
                ":color": "#00a82b"
            },
            "down": {
                "toggle": {
                    ":icon": "images/down_layout.png",
                    ":toolTip": "显示底部空格",
                    ":statusTip": "获取并预处理图像或发送数据"
                },
                ":background-color": "#1f4662",
                ":color": "#00a82b",
                "panel": {
                    "pbNewActivity_text": "新建活动",
                    "pbAcquireImages_text": "获取图像",
                    "pbReacquireImages_text": "重新获取",
                    "pbSendImages_text": "发送"
                }
            },
            "right": {
                "toggle": {
                    ":icon": "images/right_layout.png",
                    ":toolTip": "显示右侧空格",
                    ":statusTip": "检测设备或调整参数"
                },
                ":background-color": "#1f4662",
                ":color": "#00a82b",
                "panel": {
                    "tabWidget_text_items": ["数据", "拍照", "扫描", "选项"],
                    "options": {
                        "lwLanguageGroupBox_title": "指定的语言",
                        "pbAsDefaultLanguage_text": "设置为缺省语言",
                        "values": {
                            "lwLanguages_items": ["英文", "简体中文"]
                        },
                        "values_active": {
                            "lwLanguages_items_index": 1
                        }
                    },
                    "data": {
                        "leServiceLineIdLabel_text": "服务单流水标识",
                        "leCidCodeLabel_text": "CID 编号",
                        "leSNLabel_text": "序列号",
                        "leTypeLabel_text": "类型",
                        "leImageDataLabel_text": "图像元数据",
                        "lePictureCountLabel_text": "图像计数",
                        "pbDeviceGroupBox_title": "活动设备",
                        "pbOutputGroupBox_title": "活动输出",
                        "teAllCidsTagsGroupBox_title": "所有CID标记",
                        "pbAllSpecialOperationsGroupBox_title": "所有特殊操作",
                        "pbClearCurrentChannel_text": "清空当前通道",
                        "pbClearAllChannels_text": "清空所有通道"
                    },
                    "camera": {
                        "gbFunctionalDependence_title": "功能依赖",
                        "pbDeviceLayoutCheck_text": "检查设备布局",
                        "pbDeviceLayoutReset_text": "重置设备布局",
                        "gbImageBackup_title": "图像备份",
                        "gbFunctionDebugging_title": "功能调试",
                        "pbExportAll_text": "导出所有",
                        "pbOpenFolder_text": "打开文件夹",
                        "pbSlideToUnlock_text": "滑动解锁",
                        "pbTurnOnCamera_text": "打开拍照应用",
                        "pbPreview_text": "预览",
                        "pbPhotograph_text": "拍照"
                    },
                    "scanner": {
                        "lwAvailableScanDriversGroupBox_title": "可用的扫描仪驱动",
                        "lwCommonResolutionsGroupBox_title": "常用的分辨率",
                        "lwImageIntentsGroupBox_title": "图像意图",
                        "leGammaGroupBox_title": "调整伽马值",
                        "leGammaLabel_text": "伽马值",
                        "cbAutomaticallyAdjustGamma_text": "自动调整伽马值",
                        "twAvailableMotherboardsGroupBox_title": "可用的母版",
                        "pbRetrieveDriver_text": "检索驱动",
                        "pbAsDefaultMotherboard_text": "设置为缺省母版",
                        "values": {
                            "lwCommonResolutions_items": ["90 dpi","240 dpi","300 dpi","600 dpi"],
                            "lwImageIntents_items": ["0 BW","1 GRAY","2 RGB","3 PALETTE","4 CMY"],
                            "Templates": [
                                {
                                    "Spec": "2.5寸硬盘",
                                    "DPI": "300",
                                    "Crop": "0,0,2.9,4.1"
                                },
                                {
                                    "Spec": "3.5寸硬盘",
                                    "DPI": "300",
                                    "Crop": "0,0,4,6"
                                },
                                {
                                    "Spec": "可拆卸电池",
                                    "DPI": "300",
                                    "Crop": "0,0,8.5,2.5"
                                },
                                {
                                    "Spec": "笔记本硬盘",
                                    "DPI": "300",
                                    "Crop": "0,0,12,6.5"
                                },
                                {
                                    "Spec": "笔记本主板",
                                    "DPI": "300",
                                    "Crop": "0,0,12,6.5"
                                },
                                {
                                    "Spec": "NGFF SSD",
                                    "DPI": "600",
                                    "Crop": "0,0,3.8,1.1"
                                },
                                {
                                    "Spec": "WIFI卡",
                                    "DPI": "600",
                                    "Crop": "0,0,1.3,1.3"
                                },
                                {
                                    "Spec": "15寸LCD及以下",
                                    "DPI": "300",
                                    "Crop": "0,0,9.5,15"
                                },
                                {
                                    "Spec": "13寸LCD",
                                    "DPI": "300",
                                    "Crop": "0,0,8,14"
                                },
                                {
                                    "Spec": "笔记本光驱",
                                    "DPI": "300",
                                    "Crop": "0,0,5.6,6"
                                }
                            ]
                        },
                        "values_active": {
                            "lwAvailableScanDrivers_items_index": 0,
                            "lwCommonResolutions_items_index": 2,
                            "lwImageIntents_items_index": 2,
                            "leGamma_text": 2.5,
                            "cbAutomaticallyAdjustGamma_checked": false,
                            "twAvailableMotherboards_row": 8
                        }
                    }
                }
            },
            "popup": {
                "partProperties": {
                    "partProperties_windowTitle": "部件属性",
                    "partTipsLabel_text": "操作提示--&gt;<b style=\"color: #4dd0e1; font-size: 22px\">123456</b>，abcdef",
                    "partServiceLineIdLabel_text": "流水标识",
                    "partSNLabel_text": "序列号",
                    "partGetImagesPushButton_text": "拍摄条码",
                    "partResetPushButton_text": "重新获取",
                    "partSamplePushButton_text": "样例",
                    "partEmptyPushButton_text": "清空"
                },
                "tagAttributes": {
                    "tagAttributes_windowTitle": "标记属性",
                    "tagPoseLabel_text": "Pose属性",
                    "tagTruncatedLabel_text": "Truncated属性",
                    "tagDifficultLabel_text": "Difficult属性",
                    "tagNameLabel_text": "Name属性",
                    "tagBndbox_xminLabel_text": "Bndbox_xmin属性",
                    "tagBndbox_yminLabel_text": "Bndbox_ymin属性",
                    "tagBndbox_xmaxLabel_text": "Bndbox_xmax属性",
                    "tagBndbox_ymaxLabel_text": "Bndbox_ymax属性",
                    "tagOKPushButton_text": "确定",
                    "tagCancelPushButton_text": "取消"
                }
            }
        }
    }
}